﻿designator,quantity,value,pack,mpn,mount_type
BAT1,1,BS-7,batPads,BS-7,smt
"C1, C3, C4, C8",4,100n,C_0603_1608Metric,,smt
C2,1,4.7u,C_0603_1608Metric,,smt
C5,1,10u,C_0603_1608Metric,,smt
D1,1,B130-E3,D_SMA,,smt
D2,1,LED,LED_0603_1608Metric,,smt
J2,1,USB_C_Receptacle_USB2.0,USB_C_Receptacle_GCT_USB4110,,smt
MOD1,1,ESP32-WROOM-32,ESP32-WROOM-32D,ESP32-WROOM-32,smt
Q1,1,DMP1045u,SOT-23-3,,smt
Q2,1,UMH3N,SOT-363_SC-70-6,,smt
R1,1,100k,R_0603_1608Metric,,smt
"R2, R3",2,R,R_0603_1608Metric,,smt
R4,1,10k,R_0603_1608Metric,,smt
R5,1,470,R_0603_1608Metric,,smt
"R6, R7",2,5.1k,R_0603_1608Metric,,smt
SW1,1,SW_DIP_x01,SW_SPDT_PCM12,,smt
U1,1,BNO055,LGA-28_5.2x3.8mm_BNO0055,BNO055,smt
U2,1,LD1117S33CTR,SOT-223,LD1117S33CTR,smt
U3,1,MCP73831-2-OT,SOT-23-5,,smt
U5,1,CH340C,SOIC-16_3.9x9.9mm_P1.27mm,,smt
j3,1,~,connectorHaply,,smt
