﻿pos_x,pos_y,rotation,side,designator,mpn,pack,value,mount_type,place
131.85,-121.875,180.0,bottom,BAT1,BS-7,batPads,BS-7,smt,True
139.446,-117.361,90.0,top,C1,,C_0603_1608Metric,100n,smt,True
128.645,-111.49,0.0,top,C2,,C_0603_1608Metric,4.7u,smt,True
127.254,-99.581,90.0,top,C3,,C_0603_1608Metric,100n,smt,True
127.0,-96.2,90.0,top,C4,,C_0603_1608Metric,100n,smt,True
129.9,-109.175,90.0,top,C5,,C_0603_1608Metric,10u,smt,True
137.525,-103.5,180.0,top,C8,,C_0603_1608Metric,100n,smt,True
124.38,-98.0975,90.0,top,D1,,D_SMA,B130-E3,smt,True
128.5775,-114.96,180.0,top,D2,,LED_0603_1608Metric,LED,smt,True
131.602,-120.961,0.0,top,J2,,USB_C_Receptacle_GCT_USB4110,USB_C_Receptacle_USB2.0,smt,True
131.9,-104.485,180.0,bottom,MOD1,ESP32-WROOM-32,ESP32-WROOM-32D,ESP32-WROOM-32,smt,True
131.9475,-105.918,180.0,top,Q1,,SOT-23-3,DMP1045u,smt,True
138.618,-105.806,0.0,top,Q2,,SOT-363_SC-70-6,UMH3N,smt,True
135.636,-105.727,-90.0,top,R1,,R_0603_1608Metric,100k,smt,True
128.6,-96.2,90.0,top,R2,,R_0603_1608Metric,R,smt,True
137.16,-101.092,-90.0,top,R3,,R_0603_1608Metric,R,smt,True
124.777,-111.506,0.0,top,R4,,R_0603_1608Metric,10k,smt,True
128.605,-113.08,180.0,top,R5,,R_0603_1608Metric,470,smt,True
123.698,-121.221,90.0,top,R6,,R_0603_1608Metric,5.1k,smt,True
123.698,-117.539,90.0,top,R7,,R_0603_1608Metric,5.1k,smt,True
133.875,-96.745,180.0,top,SW1,,SW_SPDT_PCM12,SW_DIP_x01,smt,True
132.842,-101.6,0.0,top,U1,BNO055,LGA-28_5.2x3.8mm_BNO0055,BNO055,smt,True
125.6,-106.1,0.0,top,U2,LD1117S33CTR,SOT-223,LD1117S33CTR,smt,True
124.5925,-114.112,180.0,top,U3,,SOT-23-5,MCP73831-2-OT,smt,True
135.89,-111.506,90.0,top,U5,,SOIC-16_3.9x9.9mm_P1.27mm,CH340C,smt,True
132.06,-121.412,180.0,bottom,j3,,connectorHaply,~,smt,True
